{"zoneState": {"Z01": {"pressure": 1.3697365291911754, "flow": 75.41581341100594, "ph": 7.0833864005918254, "status": "NORMAL", "fault": null, "prevPressure": 1.3526999541245528, "prevFault": null, "loss": 15.120137177961773, "aiInferred": false, "confidence": 100}, "Z02": {"pressure": 1.562520254555644, "flow": 55.9347574594419, "ph": 7.329092848967096, "status": "NORMAL", "fault": null, "prevPressure": 1.5146439934759917, "prevFault": null, "loss": 17.106493535471852, "aiInferred": false, "confidence": 100}, "Z03": {"pressure": 1.4181862216829946, "flow": 70.36439965787069, "ph": 7.293650586055225, "status": "NORMAL", "fault": null, "prevPressure": 1.410557004599934, "prevFault": null, "loss": 15.412008247328885, "aiInferred": true, "confidence": 93}, "Z04": {"pressure": 1.5209264020904394, "flow": 96.4424897741035, "ph": 7.3643205412075945, "status": "NORMAL", "fault": null, "prevPressure": 1.462664530694304, "prevFault": null, "loss": 16.222943142251214, "aiInferred": false, "confidence": 100}, "Z05": {"pressure": 1.5021807257336444, "flow": 42.382610590362496, "ph": 7.260006954122914, "status": "WARNING", "fault": "UNAUTHORIZED", "prevPressure": 1.5413471735762, "prevFault": "UNAUTHORIZED", "loss": 21.722936657601295, "aiInferred": true, "confidence": 92}, "Z06": {"pressure": 1.448037428812412, "flow": 58.29653967404885, "ph": 7.394639642656107, "status": "NORMAL", "fault": null, "prevPressure": 1.5923165339472753, "prevFault": null, "loss": 17.360693046978323, "aiInferred": false, "confidence": 100}, "Z07": {"pressure": 1.4688879161828234, "flow": 33.15947052243655, "ph": 7.103904133854817, "status": "NORMAL", "fault": null, "prevPressure": 1.5947015315394324, "prevFault": null, "loss": 4.5273994248839475, "aiInferred": true, "confidence": 89}, "Z08": {"pressure": 1.5167854022893317, "flow": 42.25408604439784, "ph": 7.207508014012356, "status": "NORMAL", "fault": null, "prevPressure": 1.5709630841995796, "prevFault": null, "loss": 15.40739250259905, "aiInferred": false, "confidence": 100}}, "valveStates": {"P01": {"open": true, "position": 100}, "P02": {"open": true, "position": 100}, "P03": {"open": true, "position": 100}, "P04": {"open": true, "position": 100}, "P05": {"open": true, "position": 100}, "P06": {"open": true, "position": 100}, "P07": {"open": true, "position": 100}, "P08": {"open": true, "position": 100}, "P09": {"open": true, "position": 100}, "P10": {"open": true, "position": 100}, "P11": {"open": true, "position": 100}, "P12": {"open": true, "position": 100}, "P13": {"open": true, "position": 100}, "P14": {"open": true, "position": 100}}, "pumpStates": {"PH01": {"running": true, "speed": 88.60248052681656}, "PH02": {"running": true, "speed": 89.77516204972704}, "PH03": {"running": true, "speed": 85.57207025701264}}, "tankStates": {"R01": 72.40653834943224, "R02": 61.176461864962604, "T01": 69.04775356096134, "T02": 81.44223095834566, "T03": 44.03195053339743}, "systemStats": {"backupPower": 80.1, "dataAccuracy": 95.0}, "newAlerts": []}